"Country or Area","Subgroup","Year","Source","Unit","Value","Value Footnotes"
"Afghanistan","Total 20-23 mo","2007-2011","UN_Demographic and Health Surveys (DHS), Multiple Indicator Cluster Surveys (MICS), other national surveys and UNICEF","Percent","54","1"
"Albania","Total 20-23 mo","2007-2011","UN_Demographic and Health Surveys (DHS), Multiple Indicator Cluster Surveys (MICS), other national surveys and UNICEF","Percent","31","2"
"Algeria","Total 20-23 mo","2007-2011","UN_Demographic and Health Surveys (DHS), Multiple Indicator Cluster Surveys (MICS), other national surveys and UNICEF","Percent","22","1"
"Angola","Total 20-23 mo","2007-2011","UN_Demographic and Health Surveys (DHS), Multiple Indicator Cluster Surveys (MICS), other national surveys and UNICEF","Percent","37","1"
"Argentina","Total 20-23 mo","2007-2011","UN_Demographic and Health Surveys (DHS), Multiple Indicator Cluster Surveys (MICS), other national surveys and UNICEF","Percent","28","2"
"Armenia","Total 20-23 mo","2007-2011","UN_Demographic and Health Surveys (DHS), Multiple Indicator Cluster Surveys (MICS), other national surveys and UNICEF","Percent","23","2"
"Azerbaijan","Total 20-23 mo","2007-2011","UN_Demographic and Health Surveys (DHS), Multiple Indicator Cluster Surveys (MICS), other national surveys and UNICEF","Percent","16","1"
"Bangladesh","Total 20-23 mo","2007-2011","UN_Demographic and Health Surveys (DHS), Multiple Indicator Cluster Surveys (MICS), other national surveys and UNICEF","Percent","90","2"
"Belarus","Total 20-23 mo","2007-2011","UN_Demographic and Health Surveys (DHS), Multiple Indicator Cluster Surveys (MICS), other national surveys and UNICEF","Percent","4","1"
"Belize","Total 20-23 mo","2007-2011","UN_Demographic and Health Surveys (DHS), Multiple Indicator Cluster Surveys (MICS), other national surveys and UNICEF","Percent","27","1"
"Benin","Total 20-23 mo","2007-2011","UN_Demographic and Health Surveys (DHS), Multiple Indicator Cluster Surveys (MICS), other national surveys and UNICEF","Percent","92","2"
"Bhutan","Total 20-23 mo","2007-2011","UN_Demographic and Health Surveys (DHS), Multiple Indicator Cluster Surveys (MICS), other national surveys and UNICEF","Percent","66","2"
"Bolivia (Plurinational State of)","Total 20-23 mo","2007-2011","UN_Demographic and Health Surveys (DHS), Multiple Indicator Cluster Surveys (MICS), other national surveys and UNICEF","Percent","40","2"
"Bosnia and Herzegovina","Total 20-23 mo","2007-2011","UN_Demographic and Health Surveys (DHS), Multiple Indicator Cluster Surveys (MICS), other national surveys and UNICEF","Percent","10","1"
"Botswana","Total 20-23 mo","2007-2011","UN_Demographic and Health Surveys (DHS), Multiple Indicator Cluster Surveys (MICS), other national surveys and UNICEF","Percent","6","2"
"Brazil","Total 20-23 mo","2007-2011","UN_Demographic and Health Surveys (DHS), Multiple Indicator Cluster Surveys (MICS), other national surveys and UNICEF","Percent","25","1"
"Burkina Faso","Total 20-23 mo","2007-2011","UN_Demographic and Health Surveys (DHS), Multiple Indicator Cluster Surveys (MICS), other national surveys and UNICEF","Percent","80","2"
"Burundi","Total 20-23 mo","2007-2011","UN_Demographic and Health Surveys (DHS), Multiple Indicator Cluster Surveys (MICS), other national surveys and UNICEF","Percent","79","2"
"Cambodia","Total 20-23 mo","2007-2011","UN_Demographic and Health Surveys (DHS), Multiple Indicator Cluster Surveys (MICS), other national surveys and UNICEF","Percent","43","2"
"Cameroon","Total 20-23 mo","2007-2011","UN_Demographic and Health Surveys (DHS), Multiple Indicator Cluster Surveys (MICS), other national surveys and UNICEF","Percent","24","2"
"Cape Verde","Total 20-23 mo","2007-2011","UN_Demographic and Health Surveys (DHS), Multiple Indicator Cluster Surveys (MICS), other national surveys and UNICEF","Percent","13","1"
"Central African Republic","Total 20-23 mo","2007-2011","UN_Demographic and Health Surveys (DHS), Multiple Indicator Cluster Surveys (MICS), other national surveys and UNICEF","Percent","32","2"
"Chad","Total 20-23 mo","2007-2011","UN_Demographic and Health Surveys (DHS), Multiple Indicator Cluster Surveys (MICS), other national surveys and UNICEF","Percent","59","2"
"Colombia","Total 20-23 mo","2007-2011","UN_Demographic and Health Surveys (DHS), Multiple Indicator Cluster Surveys (MICS), other national surveys and UNICEF","Percent","33","2"
"Comoros","Total 20-23 mo","2007-2011","UN_Demographic and Health Surveys (DHS), Multiple Indicator Cluster Surveys (MICS), other national surveys and UNICEF","Percent","45","1"
"Congo","Total 20-23 mo","2007-2011","UN_Demographic and Health Surveys (DHS), Multiple Indicator Cluster Surveys (MICS), other national surveys and UNICEF","Percent","21","1"
"Costa Rica","Total 20-23 mo","2007-2011","UN_Demographic and Health Surveys (DHS), Multiple Indicator Cluster Surveys (MICS), other national surveys and UNICEF","Percent","40","2"
"Côte d'Ivoire","Total 20-23 mo","2007-2011","UN_Demographic and Health Surveys (DHS), Multiple Indicator Cluster Surveys (MICS), other national surveys and UNICEF","Percent","37","1"
"Cuba","Total 20-23 mo","2007-2011","UN_Demographic and Health Surveys (DHS), Multiple Indicator Cluster Surveys (MICS), other national surveys and UNICEF","Percent","17","2"
"Democratic People's Republic of Korea","Total 20-23 mo","2007-2011","UN_Demographic and Health Surveys (DHS), Multiple Indicator Cluster Surveys (MICS), other national surveys and UNICEF","Percent","36","2"
"Democratic Republic of the Congo","Total 20-23 mo","2007-2011","UN_Demographic and Health Surveys (DHS), Multiple Indicator Cluster Surveys (MICS), other national surveys and UNICEF","Percent","53","2"
"Djibouti","Total 20-23 mo","2007-2011","UN_Demographic and Health Surveys (DHS), Multiple Indicator Cluster Surveys (MICS), other national surveys and UNICEF","Percent","18","1"
"Dominican Republic","Total 20-23 mo","2007-2011","UN_Demographic and Health Surveys (DHS), Multiple Indicator Cluster Surveys (MICS), other national surveys and UNICEF","Percent","12","2"
"East Asia and Pacific","Total 20-23 mo","2007-2011","UN_Demographic and Health Surveys (DHS), Multiple Indicator Cluster Surveys (MICS), other national surveys and UNICEF","Percent","42","3"
"Eastern and Southern Africa","Total 20-23 mo","2007-2011","UN_Demographic and Health Surveys (DHS), Multiple Indicator Cluster Surveys (MICS), other national surveys and UNICEF","Percent","59","4"
"Ecuador","Total 20-23 mo","2007-2011","UN_Demographic and Health Surveys (DHS), Multiple Indicator Cluster Surveys (MICS), other national surveys and UNICEF","Percent","23","1"
"Egypt","Total 20-23 mo","2007-2011","UN_Demographic and Health Surveys (DHS), Multiple Indicator Cluster Surveys (MICS), other national surveys and UNICEF","Percent","35","2"
"El Salvador","Total 20-23 mo","2007-2011","UN_Demographic and Health Surveys (DHS), Multiple Indicator Cluster Surveys (MICS), other national surveys and UNICEF","Percent","54","2"
"Eritrea","Total 20-23 mo","2007-2011","UN_Demographic and Health Surveys (DHS), Multiple Indicator Cluster Surveys (MICS), other national surveys and UNICEF","Percent","62","1"
"Ethiopia","Total 20-23 mo","2007-2011","UN_Demographic and Health Surveys (DHS), Multiple Indicator Cluster Surveys (MICS), other national surveys and UNICEF","Percent","82","2"
"Gabon","Total 20-23 mo","2007-2011","UN_Demographic and Health Surveys (DHS), Multiple Indicator Cluster Surveys (MICS), other national surveys and UNICEF","Percent","9","1"
"Gambia","Total 20-23 mo","2007-2011","UN_Demographic and Health Surveys (DHS), Multiple Indicator Cluster Surveys (MICS), other national surveys and UNICEF","Percent","31","2"
"Georgia","Total 20-23 mo","2007-2011","UN_Demographic and Health Surveys (DHS), Multiple Indicator Cluster Surveys (MICS), other national surveys and UNICEF","Percent","17","2"
"Ghana","Total 20-23 mo","2007-2011","UN_Demographic and Health Surveys (DHS), Multiple Indicator Cluster Surveys (MICS), other national surveys and UNICEF","Percent","44","2"
"Guatemala","Total 20-23 mo","2007-2011","UN_Demographic and Health Surveys (DHS), Multiple Indicator Cluster Surveys (MICS), other national surveys and UNICEF","Percent","46","2"
"Guinea-Bissau","Total 20-23 mo","2007-2011","UN_Demographic and Health Surveys (DHS), Multiple Indicator Cluster Surveys (MICS), other national surveys and UNICEF","Percent","65","2"
"Guyana","Total 20-23 mo","2007-2011","UN_Demographic and Health Surveys (DHS), Multiple Indicator Cluster Surveys (MICS), other national surveys and UNICEF","Percent","49","2"
"Haiti","Total 20-23 mo","2007-2011","UN_Demographic and Health Surveys (DHS), Multiple Indicator Cluster Surveys (MICS), other national surveys and UNICEF","Percent","35","1"
"Honduras","Total 20-23 mo","2007-2011","UN_Demographic and Health Surveys (DHS), Multiple Indicator Cluster Surveys (MICS), other national surveys and UNICEF","Percent","48","1"
"India","Total 20-23 mo","2007-2011","UN_Demographic and Health Surveys (DHS), Multiple Indicator Cluster Surveys (MICS), other national surveys and UNICEF","Percent","77","1"
"Indonesia","Total 20-23 mo","2007-2011","UN_Demographic and Health Surveys (DHS), Multiple Indicator Cluster Surveys (MICS), other national surveys and UNICEF","Percent","50","2"
"Iran (Islamic Republic of)","Total 20-23 mo","2007-2011","UN_Demographic and Health Surveys (DHS), Multiple Indicator Cluster Surveys (MICS), other national surveys and UNICEF","Percent","58","1"
"Iraq","Total 20-23 mo","2007-2011","UN_Demographic and Health Surveys (DHS), Multiple Indicator Cluster Surveys (MICS), other national surveys and UNICEF","Percent","36","1"
"Jamaica","Total 20-23 mo","2007-2011","UN_Demographic and Health Surveys (DHS), Multiple Indicator Cluster Surveys (MICS), other national surveys and UNICEF","Percent","24","1"
"Jordan","Total 20-23 mo","2007-2011","UN_Demographic and Health Surveys (DHS), Multiple Indicator Cluster Surveys (MICS), other national surveys and UNICEF","Percent","11","2"
"Kazakhstan","Total 20-23 mo","2007-2011","UN_Demographic and Health Surveys (DHS), Multiple Indicator Cluster Surveys (MICS), other national surveys and UNICEF","Percent","16","1"
"Kenya","Total 20-23 mo","2007-2011","UN_Demographic and Health Surveys (DHS), Multiple Indicator Cluster Surveys (MICS), other national surveys and UNICEF","Percent","54","2"
"Kiribati","Total 20-23 mo","2007-2011","UN_Demographic and Health Surveys (DHS), Multiple Indicator Cluster Surveys (MICS), other national surveys and UNICEF","Percent","82","2"
"Kyrgyzstan","Total 20-23 mo","2007-2011","UN_Demographic and Health Surveys (DHS), Multiple Indicator Cluster Surveys (MICS), other national surveys and UNICEF","Percent","26","1"
"Lao People's Democratic Republic","Total 20-23 mo","2007-2011","UN_Demographic and Health Surveys (DHS), Multiple Indicator Cluster Surveys (MICS), other national surveys and UNICEF","Percent","48","1"
"Least Developed Countries/Territories","Total 20-23 mo","2007-2011","UN_Demographic and Health Surveys (DHS), Multiple Indicator Cluster Surveys (MICS), other national surveys and UNICEF","Percent","64","4"
"Lebanon","Total 20-23 mo","2007-2011","UN_Demographic and Health Surveys (DHS), Multiple Indicator Cluster Surveys (MICS), other national surveys and UNICEF","Percent","15","2"
"Lesotho","Total 20-23 mo","2007-2011","UN_Demographic and Health Surveys (DHS), Multiple Indicator Cluster Surveys (MICS), other national surveys and UNICEF","Percent","35","2"
"Liberia","Total 20-23 mo","2007-2011","UN_Demographic and Health Surveys (DHS), Multiple Indicator Cluster Surveys (MICS), other national surveys and UNICEF","Percent","41","2"
"Madagascar","Total 20-23 mo","2007-2011","UN_Demographic and Health Surveys (DHS), Multiple Indicator Cluster Surveys (MICS), other national surveys and UNICEF","Percent","61","2"
"Malawi","Total 20-23 mo","2007-2011","UN_Demographic and Health Surveys (DHS), Multiple Indicator Cluster Surveys (MICS), other national surveys and UNICEF","Percent","77","2"
"Maldives","Total 20-23 mo","2007-2011","UN_Demographic and Health Surveys (DHS), Multiple Indicator Cluster Surveys (MICS), other national surveys and UNICEF","Percent","68","2"
"Mali","Total 20-23 mo","2007-2011","UN_Demographic and Health Surveys (DHS), Multiple Indicator Cluster Surveys (MICS), other national surveys and UNICEF","Percent","56","1"
"Marshall Islands","Total 20-23 mo","2007-2011","UN_Demographic and Health Surveys (DHS), Multiple Indicator Cluster Surveys (MICS), other national surveys and UNICEF","Percent","53","2"
"Mauritania","Total 20-23 mo","2007-2011","UN_Demographic and Health Surveys (DHS), Multiple Indicator Cluster Surveys (MICS), other national surveys and UNICEF","Percent","47","5"
"Mongolia","Total 20-23 mo","2007-2011","UN_Demographic and Health Surveys (DHS), Multiple Indicator Cluster Surveys (MICS), other national surveys and UNICEF","Percent","66","2"
"Montenegro","Total 20-23 mo","2007-2011","UN_Demographic and Health Surveys (DHS), Multiple Indicator Cluster Surveys (MICS), other national surveys and UNICEF","Percent","13","1"
"Morocco","Total 20-23 mo","2007-2011","UN_Demographic and Health Surveys (DHS), Multiple Indicator Cluster Surveys (MICS), other national surveys and UNICEF","Percent","15","1"
"Mozambique","Total 20-23 mo","2007-2011","UN_Demographic and Health Surveys (DHS), Multiple Indicator Cluster Surveys (MICS), other national surveys and UNICEF","Percent","52","2"
"Myanmar","Total 20-23 mo","2007-2011","UN_Demographic and Health Surveys (DHS), Multiple Indicator Cluster Surveys (MICS), other national surveys and UNICEF","Percent","65","2"
"Namibia","Total 20-23 mo","2007-2011","UN_Demographic and Health Surveys (DHS), Multiple Indicator Cluster Surveys (MICS), other national surveys and UNICEF","Percent","28","1"
"Nauru","Total 20-23 mo","2007-2011","UN_Demographic and Health Surveys (DHS), Multiple Indicator Cluster Surveys (MICS), other national surveys and UNICEF","Percent","65","2"
"Nepal","Total 20-23 mo","2007-2011","UN_Demographic and Health Surveys (DHS), Multiple Indicator Cluster Surveys (MICS), other national surveys and UNICEF","Percent","93","2"
"Nicaragua","Total 20-23 mo","2007-2011","UN_Demographic and Health Surveys (DHS), Multiple Indicator Cluster Surveys (MICS), other national surveys and UNICEF","Percent","43","2"
"Nigeria","Total 20-23 mo","2007-2011","UN_Demographic and Health Surveys (DHS), Multiple Indicator Cluster Surveys (MICS), other national surveys and UNICEF","Percent","32","2"
"Oman","Total 20-23 mo","2007-2011","UN_Demographic and Health Surveys (DHS), Multiple Indicator Cluster Surveys (MICS), other national surveys and UNICEF","Percent","73","1"
"Pakistan","Total 20-23 mo","2007-2011","UN_Demographic and Health Surveys (DHS), Multiple Indicator Cluster Surveys (MICS), other national surveys and UNICEF","Percent","55","2"
"Papua New Guinea","Total 20-23 mo","2007-2011","UN_Demographic and Health Surveys (DHS), Multiple Indicator Cluster Surveys (MICS), other national surveys and UNICEF","Percent","72","1"
"Paraguay","Total 20-23 mo","2007-2011","UN_Demographic and Health Surveys (DHS), Multiple Indicator Cluster Surveys (MICS), other national surveys and UNICEF","Percent","14","2"
"Peru","Total 20-23 mo","2007-2011","UN_Demographic and Health Surveys (DHS), Multiple Indicator Cluster Surveys (MICS), other national surveys and UNICEF","Percent","55","5"
"Philippines","Total 20-23 mo","2007-2011","UN_Demographic and Health Surveys (DHS), Multiple Indicator Cluster Surveys (MICS), other national surveys and UNICEF","Percent","34","2"
"Republic of Moldova","Total 20-23 mo","2007-2011","UN_Demographic and Health Surveys (DHS), Multiple Indicator Cluster Surveys (MICS), other national surveys and UNICEF","Percent","2","1"
"Rwanda","Total 20-23 mo","2007-2011","UN_Demographic and Health Surveys (DHS), Multiple Indicator Cluster Surveys (MICS), other national surveys and UNICEF","Percent","84","2"
"Samoa","Total 20-23 mo","2007-2011","UN_Demographic and Health Surveys (DHS), Multiple Indicator Cluster Surveys (MICS), other national surveys and UNICEF","Percent","74","2"
"Sao Tome and Principe","Total 20-23 mo","2007-2011","UN_Demographic and Health Surveys (DHS), Multiple Indicator Cluster Surveys (MICS), other national surveys and UNICEF","Percent","20","2"
"Senegal","Total 20-23 mo","2007-2011","UN_Demographic and Health Surveys (DHS), Multiple Indicator Cluster Surveys (MICS), other national surveys and UNICEF","Percent","51","2"
"Serbia","Total 20-23 mo","2007-2011","UN_Demographic and Health Surveys (DHS), Multiple Indicator Cluster Surveys (MICS), other national surveys and UNICEF","Percent","15","2"
"Sierra Leone","Total 20-23 mo","2007-2011","UN_Demographic and Health Surveys (DHS), Multiple Indicator Cluster Surveys (MICS), other national surveys and UNICEF","Percent","48","2"
"Solomon Islands","Total 20-23 mo","2007-2011","UN_Demographic and Health Surveys (DHS), Multiple Indicator Cluster Surveys (MICS), other national surveys and UNICEF","Percent","67","2"
"Somalia","Total 20-23 mo","2007-2011","UN_Demographic and Health Surveys (DHS), Multiple Indicator Cluster Surveys (MICS), other national surveys and UNICEF","Percent","35","1"
"South Africa","Total 20-23 mo","2007-2011","UN_Demographic and Health Surveys (DHS), Multiple Indicator Cluster Surveys (MICS), other national surveys and UNICEF","Percent","31","1"
"South Asia","Total 20-23 mo","2007-2011","UN_Demographic and Health Surveys (DHS), Multiple Indicator Cluster Surveys (MICS), other national surveys and UNICEF","Percent","75","4"
"South Sudan","Total 20-23 mo","2007-2011","UN_Demographic and Health Surveys (DHS), Multiple Indicator Cluster Surveys (MICS), other national surveys and UNICEF","Percent","38","6"
"Sri Lanka","Total 20-23 mo","2007-2011","UN_Demographic and Health Surveys (DHS), Multiple Indicator Cluster Surveys (MICS), other national surveys and UNICEF","Percent","84","2"
"Sub-Saharan Africa","Total 20-23 mo","2007-2011","UN_Demographic and Health Surveys (DHS), Multiple Indicator Cluster Surveys (MICS), other national surveys and UNICEF","Percent","50","4"
"Sudan","Total 20-23 mo","2007-2011","UN_Demographic and Health Surveys (DHS), Multiple Indicator Cluster Surveys (MICS), other national surveys and UNICEF","Percent","40","6"
"Suriname","Total 20-23 mo","2007-2011","UN_Demographic and Health Surveys (DHS), Multiple Indicator Cluster Surveys (MICS), other national surveys and UNICEF","Percent","15","1"
"Swaziland","Total 20-23 mo","2007-2011","UN_Demographic and Health Surveys (DHS), Multiple Indicator Cluster Surveys (MICS), other national surveys and UNICEF","Percent","11","2"
"Syrian Arab Republic","Total 20-23 mo","2007-2011","UN_Demographic and Health Surveys (DHS), Multiple Indicator Cluster Surveys (MICS), other national surveys and UNICEF","Percent","25","2"
"Tajikistan","Total 20-23 mo","2007-2011","UN_Demographic and Health Surveys (DHS), Multiple Indicator Cluster Surveys (MICS), other national surveys and UNICEF","Percent","34","1"
"The former Yugoslav Republic of Macedonia","Total 20-23 mo","2007-2011","UN_Demographic and Health Surveys (DHS), Multiple Indicator Cluster Surveys (MICS), other national surveys and UNICEF","Percent","13","2"
"Timor-Leste","Total 20-23 mo","2007-2011","UN_Demographic and Health Surveys (DHS), Multiple Indicator Cluster Surveys (MICS), other national surveys and UNICEF","Percent","33","2"
"Togo","Total 20-23 mo","2007-2011","UN_Demographic and Health Surveys (DHS), Multiple Indicator Cluster Surveys (MICS), other national surveys and UNICEF","Percent","64","2"
"Trinidad and Tobago","Total 20-23 mo","2007-2011","UN_Demographic and Health Surveys (DHS), Multiple Indicator Cluster Surveys (MICS), other national surveys and UNICEF","Percent","22","1"
"Tunisia","Total 20-23 mo","2007-2011","UN_Demographic and Health Surveys (DHS), Multiple Indicator Cluster Surveys (MICS), other national surveys and UNICEF","Percent","15","1"
"Turkey","Total 20-23 mo","2007-2011","UN_Demographic and Health Surveys (DHS), Multiple Indicator Cluster Surveys (MICS), other national surveys and UNICEF","Percent","22","2"
"Turkmenistan","Total 20-23 mo","2007-2011","UN_Demographic and Health Surveys (DHS), Multiple Indicator Cluster Surveys (MICS), other national surveys and UNICEF","Percent","37","1"
"Tuvalu","Total 20-23 mo","2007-2011","UN_Demographic and Health Surveys (DHS), Multiple Indicator Cluster Surveys (MICS), other national surveys and UNICEF","Percent","51","2"
"Uganda","Total 20-23 mo","2007-2011","UN_Demographic and Health Surveys (DHS), Multiple Indicator Cluster Surveys (MICS), other national surveys and UNICEF","Percent","46","2"
"Ukraine","Total 20-23 mo","2007-2011","UN_Demographic and Health Surveys (DHS), Multiple Indicator Cluster Surveys (MICS), other national surveys and UNICEF","Percent","6","2"
"United Republic of Tanzania","Total 20-23 mo","2007-2011","UN_Demographic and Health Surveys (DHS), Multiple Indicator Cluster Surveys (MICS), other national surveys and UNICEF","Percent","51","2"
"Uruguay","Total 20-23 mo","2007-2011","UN_Demographic and Health Surveys (DHS), Multiple Indicator Cluster Surveys (MICS), other national surveys and UNICEF","Percent","27","2"
"Uzbekistan","Total 20-23 mo","2007-2011","UN_Demographic and Health Surveys (DHS), Multiple Indicator Cluster Surveys (MICS), other national surveys and UNICEF","Percent","38","1"
"Vanuatu","Total 20-23 mo","2007-2011","UN_Demographic and Health Surveys (DHS), Multiple Indicator Cluster Surveys (MICS), other national surveys and UNICEF","Percent","32","2"
"Viet Nam","Total 20-23 mo","2007-2011","UN_Demographic and Health Surveys (DHS), Multiple Indicator Cluster Surveys (MICS), other national surveys and UNICEF","Percent","19","2"
"Western and Central Africa","Total 20-23 mo","2007-2011","UN_Demographic and Health Surveys (DHS), Multiple Indicator Cluster Surveys (MICS), other national surveys and UNICEF","Percent","43","4"
"World","Total 20-23 mo","2007-2011","UN_Demographic and Health Surveys (DHS), Multiple Indicator Cluster Surveys (MICS), other national surveys and UNICEF","Percent","58","3"
"Zambia","Total 20-23 mo","2007-2011","UN_Demographic and Health Surveys (DHS), Multiple Indicator Cluster Surveys (MICS), other national surveys and UNICEF","Percent","42","2"
"Zimbabwe","Total 20-23 mo","2007-2011","UN_Demographic and Health Surveys (DHS), Multiple Indicator Cluster Surveys (MICS), other national surveys and UNICEF","Percent","20","2"

"fnSeqID","Footnote"
"1","Data refer to the most recent year available during the period specified in the column heading. Data refer to years or periods other than those specified in the column heading. Such data are not included in the calculation of regional and global averages, with the exception of 2005-2006 data from India. Estimates from data years prior to 2000 are not displayed."
"2","Data refer to the most recent year available during the period specified in the column heading. "
"3","Data refer to the most recent year available during the period specified in the column heading. Excludes China. For a complete list of countries and territories in the regions and subregions, see page XX."
"4","Data refer to the most recent year available during the period specified in the column heading. For a complete list of countries and territories in the regions and subregions, see page XX."
"5","Data refer to the most recent year available during the period specified in the column heading. Data differ from the standard definition or refer to only part of a country. If they fall within the noted reference period, such data are included in the calculation of regional and global averages."
"6","Data refer to the most recent year available during the period specified in the column heading. Due to the cession in July 2011 of the Republic of South Sudan by the Republic of the Sudan, and its subsequent admission to the UN on 14 July 2011, disaggregated data for Sudan and South Sudan as separate States are not yet available for all indicators. In these cases, aggregated data are presented for Sudan pre-cession (see Memorandum item)."
